Channel,followers gained
97R8L3J0,161202.02167830968
6UV44QFF,55477.42877220624
2WKQZUGR,188594.47835721803
R4DGVX2D,111849.79692939154
P8YSNIOI,48832.29505006913
5IL9FI45,115669.79457673161
NC7JUCJY,70371.68559280667
XU261DWX,80717.32088809347
76AHTXRR,47311.57835137393
KAQ2Q45C,173695.7412125764
HAIJUCL9,166428.89202047288
NCFZHHG4,118769.2630032951
AGV8MTIJ,143563.74954500012
8X54BWPE,46990.50937815483
E7634T6S,86148.19123206036
HFWDCEW4,35407.13053026826
0RDKF07Z,416977.2911334461
FTEFFWAQ,32654.98216520134
XNMSA40S,37295.435039347845
SVBRIZU0,78959.75748948296
C1L4P5OR,159450.80432107806
1JWE7QOC,578539.6570785437
V6FXFI2H,68947.20651353887
DJ7O0OV4,95411.63111981087
WTSJIMO9,48347.68175011145
RFBSZOYQ,256680.43477804214
9SIX7I0P,114493.24370790213
7G85C5ZP,50543.62703754368
2ZZUCKKO,17693.217274391336
4RTJDN6Z,38427.65384532511
OQ0LPR3P,178266.91553785332
IRKSFU9L,93704.70182727516
KCR2HJ4E,169057.9404946691
AC2YM51V,42602.36615381709
NG3V02W1,64991.00167551729
VEKSH3FS,35610.5329468375
LJQYWPA6,39190.61639820783
J8PZO3OA,29318.12434914195
C1GFB1XZ,53316.14494135398
GHAJJ13R,89495.58550855763
MAOK5SK4,93081.64816947741
Y1NSXUDK,258049.96366461186
HH9KFLG0,149902.38892731428
9AI8J3MA,40596.548058229164
P23JCLZS,113913.08302925646
1H0TVC34,27614.204064679787
OET4SNO6,49158.604676530194
Y2KCFBHI,41883.611233238524
T97USKJY,169322.56752205832
AJ1U0DHD,54212.68949368521
5TSOTNSV,199034.34593909822
2NDVUF0M,36854.552782236795
X8MGXK2E,120233.49212177494
K5TK8XP1,419026.7724544794
OTUZH15H,47757.622892890395
NOF55S7E,127744.54854102145
VOC5320L,84030.28683027014
F1UIP7T2,76056.185312692
NLKWAR4D,152688.0799355123
U0SSFWKI,170997.1439852601
SPZCFM5S,143581.71071071157
7NDOBA4T,88486.84609396904
BCDD00YU,41466.2599576066
9OEDKNVZ,57881.21597932893
LFWCLKH0,137212.55678868416
IE1Y1CL2,43000.76343408446
QA3HHJUX,399217.0044749613
SIFJXDO0,185928.81395785674
800TO8XY,32530.369277406484
NOHAHI0J,140952.76348564812
U8CO7QC9,38409.28078555357
WCBVQ6UV,98746.11930229317
ZX9CG1EO,40040.34957504793
9TWNKU9G,198540.03373409927
WHL0TN8I,149739.13716148236
CBYLVUE7,37671.08007046687
LJIMJ12V,81965.05662785962
06MD1LT5,34710.35545318821
21XY2CPG,132886.38081057894
HY2LUVDP,176244.08518456237
P3UAC32R,294720.76934275724
9C73GBWH,36265.34578295072
DMTO130O,63738.01998072125
F4M29S23,60169.43401123642
3L2HHO1M,50220.94040651971
5ZBOFS35,171326.42599296448
R2B43PD3,35391.84042627022
AWJO66MF,214268.48202773486
VZ4Z1BQZ,44330.03601873577
30F3R8PJ,149404.0222685781
HB366JNS,26109.764806812298
NY2QW85O,51197.912405742936
7C3PUO7O,81534.55198124646
4Z7GFN23,64880.088425640264
6AP10RKD,50888.91084210105
RQQENY7K,55604.197857739324
21UKAC1I,134002.37544280133
YSCPP8Y9,104682.24434054137
MGU4X4ZR,122726.34767387832
L6STERKG,91273.58945961698
6KHQEEF3,235804.0541424272
LMDOK7C0,132785.52562455033
JPAKUEGQ,126652.3012144097
9FH0FGAN,38290.23550729854
0A9BQJ08,122452.19365497604
F49YU62R,90782.08501196375
I11TS64I,104987.8998990753
V3JB6HXZ,40146.34260346991
TY0OM7R9,31096.527716991688
D6NQQ4Q9,89393.08112806988
GNQRCYTO,133364.7520026808
8MM6VLDQ,115422.38610367166
ZBLBC0KZ,56975.27580521245
9PS36V1L,39936.9645361963
HUWXFD1A,175030.44927625667
6TA70YSS,20863.405273680135
0Z270718,92838.5255015442
J1Z0FU5D,156633.49870811167
RAF0HWF7,50045.008775022055
BVOJL7R5,186850.609532614
JRQPOUEI,114319.90218638293
392U8SKE,75582.10038912228
1SY41CBM,36218.719712091246
0J4LMADN,27250.341345652585
WXMW8JBG,673720.7607614448
T88C7HKS,164951.28523400953
7QBGKMG2,35749.12324503211
S31RPC2H,610458.3803682168
LHVEZIHF,74816.55325008459
U7TY0IQE,65072.81914858066
J5CC0RM0,136486.6415599328
TF78RW7C,94435.63997780411
HCGUQXUC,220784.39675739288
6LSJFUCX,73495.02564762652
99TCWDDY,44024.840632027015
OFVE8IRF,154486.55498020077
2FQO36WB,38522.73719341144
5XN1VMXO,41848.38365408884
NDDTO13W,63281.390629865666
R9PURLB3,43786.08472811461
SK3X7IYG,97152.93799710687
ATCN7U5R,55386.91740284675
W6NR9ONF,149469.2864622196
NEM6VMWX,150695.7147796561
VNL1VFR5,33124.8064099561
7LP552IU,143289.65324507738
TGK8F39M,107793.93061281595
KEV57RH5,58910.602189510835
JIM9LSK5,86578.08913120217
BSDLVO2I,38305.495813421316
G7G7FV0X,185166.071001803
597EVC99,373606.56000030536
8Z6QC7O0,73965.59170220689
UDMSE9Y9,163603.5980152873
4LJ6SDG1,45396.46454595598
XWW9QM9G,177795.63534924612
KZEMYOY3,47396.17027853535
PEDQYBCD,113581.07215700878
BA9R0NPM,44964.39577569142
YATJ5E6B,163917.1125293657
2G54M1QE,49319.103659028915
5NM8O1UW,149116.4767157307
QX5T9VB6,45260.83461113484
P9J2BA2U,68778.1173275095
NSWGXG2K,112557.53575244381
LWP1U9XY,81083.43598134625
CFY1IIEK,591082.7006388002
WNDJN6UD,38171.66176359592
WVW8NRAD,63398.00641409041
QS1HA5F9,78812.27293704436
1CXVFZQU,37640.36335611822
U82NWI5C,38280.38853210927
RLKTAV0A,41380.27913466014
QKV3BCBI,151426.56869608292
M97VERXS,46774.70614363341
WMFWASPW,42134.32846726837
IWR0JXDM,58923.146692489405
WQSBO5AC,202907.2006406924
3HAF2PBT,90852.14653285118
0KFC5QTP,171069.61173110886
S0LDDVWC,39024.54926369722
22RGXCRW,142365.37256718113
7JRPVB1E,106225.38793682243
A5FU8N28,38716.80302009986
UH8FL7SG,38886.15993847622
W3KWC4FU,172212.75077518553
BJJMOS3H,34697.126285262486
ZGNGLLHL,73825.82849628995
WIOOR3XV,594580.1770090648
JTLS449J,99091.04850293657
PU1QP84L,87632.20792065554
4OIBPLN0,24316.835317309862
EG7M3EP1,48907.61321634272
5JILGOO9,133642.36549943604
G3PORDNE,41582.23843009327
8Q556ABI,267833.2291145058
AXQ2XZ45,66455.18352590453
AP7UE7SZ,36645.00667115341
PNCBWRE4,123195.45583561645
7S7Y639P,98462.87820306774
